{
  "Topology": [
    6,
    4,
    3,
    2
  ],
  "Sections": [
    {
      "Weights": [
        [
          1.6721095105968926,
          -1.2995014820711228,
          1.9232272337764629,
          -1.6416466588348366
        ],
        [
          -0.11437188373616514,
          -1.7756806387452784,
          1.66181622988629,
          1.1028797063524274
        ],
        [
          -1.8313389605988464,
          -1.306694648837063,
          -1.4548349154437124,
          -1.1249709777184627
        ],
        [
          -1.0426526623976662,
          0.79944679085139514,
          -1.3708811585655813,
          1.1552274055570493
        ],
        [
          0.73784599580701737,
          0.72699400164512618,
          0.69670377238500114,
          -0.57320472531635525
        ],
        [
          1.957072474042453,
          -1.3879389480631514,
          -1.6247971838455635,
          -0.90020982311116993
        ],
        [
          0.065044251300880873,
          1.2926810995175879,
          1.8525744489638947,
          -1.5018926968341193
        ]
      ]
    },
    {
      "Weights": [
        [
          1.8789342473628623,
          0.72191037550657544,
          0.0070829959619245209
        ],
        [
          0.54329005933519925,
          -1.0394181306657466,
          -1.36586447403108
        ],
        [
          -1.5570319032096451,
          -0.18158833970389709,
          0.65262485046527585
        ],
        [
          -1.9960140082966602,
          -1.172770278143124,
          1.5215118152655251
        ],
        [
          1.0112751661852353,
          -1.3084801059721411,
          -0.372759618969988
        ]
      ]
    },
    {
      "Weights": [
        [
          0.48791458014767386,
          -1.5245125831684621
        ],
        [
          0.71146346196134758,
          0.65833342571665243
        ],
        [
          1.9718831907826861,
          1.7175227271940199
        ],
        [
          0.61593389632922335,
          -0.096639321230649555
        ]
      ]
    }
  ]
}