{
  "Topology": [
    6,
    4,
    3,
    2
  ],
  "Sections": [
    {
      "Weights": [
        [
          -1.8533010705622384,
          -0.79441781285890278,
          0.712304563593261,
          -0.4145282220163049
        ],
        [
          -1.7382078411701172,
          -0.029619614607477418,
          1.816790191371362,
          0.44274747299158346
        ],
        [
          -0.073386731591721377,
          1.647111011504713,
          -1.2132736142786562,
          -0.09384882920135218
        ],
        [
          1.2697157185849339,
          0.4801431924477888,
          -0.47434825216156817,
          0.0828511594249175
        ],
        [
          0.83415331823479066,
          -1.2213503193209649,
          -0.11281249398030924,
          -0.84348137809125778
        ],
        [
          0.92755273307094033,
          -0.88249273359891611,
          -1.4425569416221962,
          1.2461429290688333
        ],
        [
          -0.51040940476134855,
          0.11633156734347883,
          0.32973141517943283,
          -0.24734197661622526
        ]
      ]
    },
    {
      "Weights": [
        [
          1.0707248091095707,
          -1.504451704912098,
          0.51381274057264115
        ],
        [
          1.4689004213870041,
          1.6958201209529395,
          0.30567483897585168
        ],
        [
          1.6795480342952294,
          1.6185842303645726,
          -0.84672364538848566
        ],
        [
          -0.66559650873094633,
          0.031409072704338126,
          1.8555045835000952
        ],
        [
          -0.411188963060821,
          1.0375168728816866,
          0.69897551773999611
        ]
      ]
    },
    {
      "Weights": [
        [
          1.755459105482073,
          0.49303685431044419
        ],
        [
          0.94572860325953378,
          0.42088526995893816
        ],
        [
          1.631295339964002,
          -0.72641232177913762
        ],
        [
          1.2569168262448707,
          0.052540036175651506
        ]
      ]
    }
  ]
}