{
  "Topology": [
    6,
    4,
    3,
    2
  ],
  "Sections": [
    {
      "Weights": [
        [
          -1.8533010705622384,
          -0.79441781285890278,
          0.712304563593261,
          -0.4145282220163049
        ],
        [
          1.0262457016046374,
          1.348631925577592,
          1.816790191371362,
          0.44274747299158346
        ],
        [
          -1.0717941238879198,
          0.9131486969595537,
          -1.2132736142786562,
          -0.09384882920135218
        ],
        [
          0.67366232474970733,
          1.6041026374344263,
          -0.47434825216156817,
          0.0828511594249175
        ],
        [
          -1.8282114788089932,
          -1.2213503193209649,
          0.18340889838682894,
          -0.84348137809125778
        ],
        [
          1.6160973699838377,
          -1.2645302988889302,
          -1.4425569416221962,
          1.2461429290688333
        ],
        [
          -0.51040940476134855,
          0.11633156734347883,
          0.32973141517943283,
          -0.24734197661622526
        ]
      ]
    },
    {
      "Weights": [
        [
          1.0707248091095707,
          -1.504451704912098,
          0.51381274057264115
        ],
        [
          -1.8407394326481685,
          1.6958201209529395,
          0.30567483897585168
        ],
        [
          1.6795480342952294,
          1.6185842303645726,
          -1.2975991234637791
        ],
        [
          -0.42997751870657197,
          0.031409072704338126,
          1.8555045835000952
        ],
        [
          -0.74203506612313674,
          0.20327303661185914,
          0.69897551773999611
        ]
      ]
    },
    {
      "Weights": [
        [
          0.25227638811444697,
          0.49303685431044419
        ],
        [
          0.94572860325953378,
          0.42088526995893816
        ],
        [
          1.631295339964002,
          -0.72641232177913762
        ],
        [
          1.2569168262448707,
          0.052540036175651506
        ]
      ]
    }
  ]
}