{
  "Topology": [
    6,
    4,
    3,
    2
  ],
  "Sections": [
    {
      "Weights": [
        [
          -1.8533010705622384,
          -0.79441781285890278,
          0.712304563593261,
          -0.4145282220163049
        ],
        [
          -1.7382078411701172,
          0.37399805634003025,
          1.816790191371362,
          0.88986937836272162
        ],
        [
          -0.073386731591721377,
          1.647111011504713,
          -1.3700229150103511,
          -0.429363607628906
        ],
        [
          -0.86614472552488775,
          0.4801431924477888,
          -0.47434825216156817,
          0.0828511594249175
        ],
        [
          1.5179081854959522,
          -1.2213503193209649,
          -0.11281249398030924,
          -0.84348137809125778
        ],
        [
          0.92755273307094033,
          -1.5941226834403923,
          -1.4425569416221962,
          1.2461429290688333
        ],
        [
          -0.83131563050268009,
          -1.4098692570858957,
          0.32973141517943283,
          -0.24734197661622526
        ]
      ]
    },
    {
      "Weights": [
        [
          -1.2074225094203941,
          -1.5537476351269277,
          0.51381274057264115
        ],
        [
          -1.7170064354860255,
          1.6958201209529395,
          -1.617954220444874
        ],
        [
          1.6795480342952294,
          1.6185842303645726,
          -0.84672364538848566
        ],
        [
          1.361893584654617,
          0.031409072704338126,
          1.8555045835000952
        ],
        [
          1.3530141782728089,
          1.0375168728816866,
          0.69897551773999611
        ]
      ]
    },
    {
      "Weights": [
        [
          0.35114769188274986,
          0.49303685431044419
        ],
        [
          -0.34326002669672473,
          0.42088526995893816
        ],
        [
          1.631295339964002,
          -1.8314301594306854
        ],
        [
          1.2569168262448707,
          1.016846000690407
        ]
      ]
    }
  ]
}