{
  "Topology": [
    6,
    4,
    3,
    2
  ],
  "Sections": [
    {
      "Weights": [
        [
          -1.0408083121482321,
          -1.7834471202378381,
          0.18378511359160088,
          0.4878933229427288
        ],
        [
          1.140579416947709,
          0.10635507600677907,
          0.35057952713713958,
          0.18409710479159713
        ],
        [
          0.32338575009414283,
          0.49864388722863229,
          0.616383116048008,
          1.8890889174719754
        ],
        [
          -0.72693342842484521,
          1.4514294822939808,
          -0.47434825216156817,
          0.0828511594249175
        ],
        [
          -0.3263141970738368,
          0.38890018122685155,
          0.26647217188331862,
          -0.36083019797728871
        ],
        [
          0.40032841353692505,
          0.073209610568922723,
          -1.9416923913833184,
          -0.206434715402515
        ],
        [
          1.5851486546849594,
          0.11633156734347883,
          1.3431225732635346,
          0.37139594781743179
        ]
      ]
    },
    {
      "Weights": [
        [
          -0.71842135429308818,
          0.77899529541795864,
          0.51381274057264115
        ],
        [
          0.19676372511161677,
          -0.27251382301212934,
          -0.36559050617068567
        ],
        [
          -0.16977189838409978,
          1.7463923244487458,
          -1.937185117945627
        ],
        [
          -0.42997751870657197,
          0.10611733775870746,
          0.23911414516117147
        ],
        [
          -0.14135839074913337,
          0.46112233351968335,
          1.2965079766216259
        ]
      ]
    },
    {
      "Weights": [
        [
          1.4778822918785188,
          0.26346173172977838
        ],
        [
          0.68753000660218744,
          0.42088526995893816
        ],
        [
          -0.356301921818546,
          -1.3349091090890157
        ],
        [
          -0.12885654607268821,
          0.052540036175651506
        ]
      ]
    }
  ]
}