{
  "Topology": [
    6,
    4,
    3,
    2
  ],
  "Sections": [
    {
      "Weights": [
        [
          -1.0408083121482321,
          0.0892675454212668,
          0.712304563593261,
          -0.98793492605347888
        ],
        [
          0.64871737111765748,
          1.348631925577592,
          0.35057952713713958,
          0.44274747299158346
        ],
        [
          -1.4613167119497978,
          0.9131486969595537,
          -1.2132736142786562,
          -1.3757244122101573
        ],
        [
          0.67366232474970733,
          1.6266773713876854,
          -0.47434825216156817,
          0.0828511594249175
        ],
        [
          0.729023424316674,
          -1.2213503193209649,
          1.9614268988191275,
          -0.36083019797728871
        ],
        [
          0.40032841353692505,
          -1.2645302988889302,
          -1.4425569416221962,
          1.2461429290688333
        ],
        [
          -1.4183350947770919,
          0.11633156734347883,
          0.32973141517943283,
          0.15390351701243965
        ]
      ]
    },
    {
      "Weights": [
        [
          1.0707248091095707,
          -1.504451704912098,
          0.51381274057264115
        ],
        [
          0.19676372511161677,
          1.5452327968297679,
          -0.36559050617068567
        ],
        [
          0.40647873767021991,
          1.4726254080760413,
          -1.468756248927096
        ],
        [
          -0.42997751870657197,
          0.10611733775870746,
          0.23911414516117147
        ],
        [
          -1.60039330068994,
          0.20327303661185914,
          1.4740545598203569
        ]
      ]
    },
    {
      "Weights": [
        [
          1.4778822918785188,
          -0.3885505806601377
        ],
        [
          0.68753000660218744,
          0.42088526995893816
        ],
        [
          -0.356301921818546,
          -1.3349091090890157
        ],
        [
          0.64527270693577465,
          0.052540036175651506
        ]
      ]
    }
  ]
}