{
  "Topology": [
    6,
    4,
    3,
    2
  ],
  "Sections": [
    {
      "Weights": [
        [
          -1.8533010705622384,
          0.0892675454212668,
          0.712304563593261,
          -0.98793492605347888
        ],
        [
          0.64871737111765748,
          1.348631925577592,
          0.35057952713713958,
          0.44274747299158346
        ],
        [
          -1.4613167119497978,
          0.9131486969595537,
          -1.2132736142786562,
          -1.4264127702575236
        ],
        [
          0.67366232474970733,
          1.6266773713876854,
          -0.47434825216156817,
          0.0828511594249175
        ],
        [
          0.729023424316674,
          -1.2213503193209649,
          1.9614268988191275,
          -0.36083019797728871
        ],
        [
          -0.418492202841906,
          -1.2645302988889302,
          -1.4425569416221962,
          1.2461429290688333
        ],
        [
          -0.51040940476134855,
          -0.584551944669593,
          0.32973141517943283,
          0.15390351701243965
        ]
      ]
    },
    {
      "Weights": [
        [
          1.0707248091095707,
          -1.504451704912098,
          0.51381274057264115
        ],
        [
          -1.8407394326481685,
          1.5452327968297679,
          -1.5567537935249292
        ],
        [
          -0.25491245568493026,
          1.6185842303645726,
          -1.468756248927096
        ],
        [
          -1.0175885032013006,
          0.10611733775870746,
          1.8555045835000952
        ],
        [
          -1.60039330068994,
          0.20327303661185914,
          1.4740545598203569
        ]
      ]
    },
    {
      "Weights": [
        [
          0.90093736299357241,
          0.25649210915737397
        ],
        [
          0.94572860325953378,
          0.42088526995893816
        ],
        [
          -0.356301921818546,
          -1.3349091090890157
        ],
        [
          0.64527270693577465,
          0.052540036175651506
        ]
      ]
    }
  ]
}