{
  "Topology": [
    6,
    4,
    3,
    2
  ],
  "Sections": [
    {
      "Weights": [
        [
          -1.0408083121482321,
          0.0892675454212668,
          0.18378511359160088,
          0.9576145107660512
        ],
        [
          -1.1685742489847235,
          0.10635507600677907,
          0.35057952713713958,
          0.18409710479159713
        ],
        [
          -1.4613167119497978,
          0.9131486969595537,
          0.616383116048008,
          1.8890889174719754
        ],
        [
          -0.72693342842484521,
          0.66238361348509045,
          -0.47434825216156817,
          0.0828511594249175
        ],
        [
          -0.3263141970738368,
          0.38890018122685155,
          1.9614268988191275,
          -0.36083019797728871
        ],
        [
          0.40032841353692505,
          -1.9477169848735059,
          -1.4425569416221962,
          1.8749749194248464
        ],
        [
          -0.59756961585840651,
          0.11633156734347883,
          1.2199763316754142,
          0.15390351701243965
        ]
      ]
    },
    {
      "Weights": [
        [
          -0.71842135429308818,
          0.77899529541795864,
          0.51381274057264115
        ],
        [
          0.19676372511161677,
          -0.27251382301212934,
          -0.36559050617068567
        ],
        [
          -0.16977189838409978,
          0.80559664722792634,
          -1.468756248927096
        ],
        [
          -0.42997751870657197,
          0.10611733775870746,
          0.23911414516117147
        ],
        [
          1.6032016852885493,
          0.46112233351968335,
          1.4740545598203569
        ]
      ]
    },
    {
      "Weights": [
        [
          1.4778822918785188,
          -0.3885505806601377
        ],
        [
          0.68753000660218744,
          0.42088526995893816
        ],
        [
          -0.356301921818546,
          -1.3349091090890157
        ],
        [
          -0.12885654607268821,
          0.052540036175651506
        ]
      ]
    }
  ]
}